,place,1801,1811,1821,1831,1841,1851,1861,1871,1881,1891,1901,1911,1921,1931,1941,1951,1961,1971,1981,1991,2001,2002,2005,2008,2010,2011,2011,2012,2013,2014,2014,2014,2015,2016,2017,2018,County/State_name,sample_frequency,timestamps,name,units,url,domain,aug_id,original_id,country_code,country_name
0,nuts/UKD33,,,,,,,,,,,,,,,,,,,,,,,,,,511852.0,,,,,,520215.0,,,545500.0,547627.0,Manchester,43.4,{1801:2018},Count_Person_over_time,year,https://datacommons.org/tools/statvar#Count_Person,float64,nuts/UKD33,nuts/UKD33,GBR,United Kingdom
1,nuts/UKD61,,,,,,,,,,,,,,,,,,,,,,,,,,165456.0,,,,,,,,,,,Warrington,108.5,{1801:2018},Count_Person_over_time,year,https://datacommons.org/tools/statvar#Count_Person,float64,nuts/UKD61,nuts/UKD61,GBR,United Kingdom
2,nuts/UKD72,,,,,,,,,,,,,,,,,,,,,,,,,,466415.0,,,,,,,,513441.0,,,Liverpool,72.33333333333333,{1801:2018},Count_Person_over_time,year,https://datacommons.org/tools/statvar#Count_Person,float64,nuts/UKD72,nuts/UKD72,GBR,United Kingdom
3,nuts/UKE11,,,,,,,,,,,,,,,,,,,,,,,,,,256406.0,,,,,,,,,,,Kingston upon Hull,108.5,{1801:2018},Count_Person_over_time,year,https://datacommons.org/tools/statvar#Count_Person,float64,nuts/UKE11,nuts/UKE11,GBR,United Kingdom
4,nuts/UKE21,,,,,,,,,,,,,,,,,,,,,181131.0,,,,,198051.0,,,,,,,,,,,York,72.33333333333333,{1801:2018},Count_Person_over_time,year,https://datacommons.org/tools/statvar#Count_Person,float64,nuts/UKE21,nuts/UKE21,GBR,United Kingdom
5,nuts/UKE32,,,,,,,,,,,,,,,,,,,,,,,,,,518090.0,,,,,,,,,,,Sheffield,108.5,{1801:2018},Count_Person_over_time,year,https://datacommons.org/tools/statvar#Count_Person,float64,nuts/UKE32,nuts/UKE32,GBR,United Kingdom
6,nuts/UKE41,,,,76996.0,,,,,,,,,,,,,,,,,293277.0,,,,,,,,,,,,,,,,Bradford,72.33333333333333,{1801:2018},Count_Person_over_time,year,https://datacommons.org/tools/statvar#Count_Person,float64,nuts/UKE41,nuts/UKE41,GBR,United Kingdom
7,nuts/UKF11,,,,,,,,,,,,,,,,,,,,,,,,,,255394.0,,,,,,,,,,,Derby,108.5,{1801:2018},Count_Person_over_time,year,https://datacommons.org/tools/statvar#Count_Person,float64,nuts/UKF11,nuts/UKF11,GBR,United Kingdom
8,nuts/UKF14,,,,,,,,,,,,,,,,,,,,,,,,,,289301.0,,,,,,,,,,,Nottingham,108.5,{1801:2018},Count_Person_over_time,year,https://datacommons.org/tools/statvar#Count_Person,float64,nuts/UKF14,nuts/UKF14,GBR,United Kingdom
9,nuts/UKF21,,,,,,,,,,,,,,,,,,,,,,,,,,329839.0,,,,337653.0,,,,464395.0,,,Leicester,54.25,{1801:2018},Count_Person_over_time,year,https://datacommons.org/tools/statvar#Count_Person,float64,nuts/UKF21,nuts/UKF21,GBR,United Kingdom
10,nuts/UKG23,,,,,,,,,,,,,,,,,,,,,,,,,,249008.0,,,,,,,,,,,Stoke-on-Trent,108.5,{1801:2018},Count_Person_over_time,year,https://datacommons.org/tools/statvar#Count_Person,float64,nuts/UKG23,nuts/UKG23,GBR,United Kingdom
11,nuts/UKG31,,,,,,,,,,,,,,,,,,,,,,,,,,,,,,,,,1123000.0,,1137100.0,,Birmingham,72.33333333333333,{1801:2018},Count_Person_over_time,year,https://datacommons.org/tools/statvar#Count_Person,float64,nuts/UKG31,nuts/UKG31,GBR,United Kingdom
12,nuts/UKG33,,,,,,,,,,,,,,,,,,,,,,,,,,316900.0,,,,,,,,362690.0,,,Coventry,72.33333333333333,{1801:2018},Count_Person_over_time,year,https://datacommons.org/tools/statvar#Count_Person,float64,nuts/UKG33,nuts/UKG33,GBR,United Kingdom
13,nuts/UKG39,,,,,,,,,,,,,,,,,,,,,,,,,,265178.0,,250970.0,,,,,,,,,Wolverhampton,72.33333333333333,{1801:2018},Count_Person_over_time,year,https://datacommons.org/tools/statvar#Count_Person,float64,nuts/UKG39,nuts/UKG39,GBR,United Kingdom
14,nuts/UKH11,,,,,,,,,,,,,,,,,,,,,136292.0,,,,,,,,,,,,194000.0,,,,Peterborough,72.33333333333333,{1801:2018},Count_Person_over_time,year,https://datacommons.org/tools/statvar#Count_Person,float64,nuts/UKH11,nuts/UKH11,GBR,United Kingdom
15,nuts/UKH21,,,,,,,,,,,,,,,,,,,,,,,,,,203201.0,,,,,,,,,,,Luton,108.5,{1801:2018},Count_Person_over_time,year,https://datacommons.org/tools/statvar#Count_Person,float64,nuts/UKH21,nuts/UKH21,GBR,United Kingdom
16,nuts/UKH31,,,,,,,,,,,,,,,,,,,,,,,,,,160257.0,,,,,,,,,,,Southend-on-Sea,108.5,{1801:2018},Count_Person_over_time,year,https://datacommons.org/tools/statvar#Count_Person,float64,nuts/UKH31,nuts/UKH31,GBR,United Kingdom
17,nuts/UKJ31,,,,,,,,,,,,,,,,,,,,,,,,200000.0,,205100.0,,,,,,,,248440.0,,,Portsmouth,54.25,{1801:2018},Count_Person_over_time,year,https://datacommons.org/tools/statvar#Count_Person,float64,nuts/UKJ31,nuts/UKJ31,GBR,United Kingdom
18,nuts/UKJ32,,,,,,,,,,,,,,,,,,,,,,,,,,253651.0,,,,,,,,271173.0,,,Southampton,72.33333333333333,{1801:2018},Count_Person_over_time,year,https://datacommons.org/tools/statvar#Count_Person,float64,nuts/UKJ32,nuts/UKJ32,GBR,United Kingdom
19,nuts/UKK11,,,,,,,,,,,,,,,,,,,,,,,,,,535907.0,,,,,,,,,,,Bristol,108.5,{1801:2018},Count_Person_over_time,year,https://datacommons.org/tools/statvar#Count_Person,float64,nuts/UKK11,nuts/UKK11,GBR,United Kingdom
20,nuts/UKK41,,,,,,,,,,,,,,,,,,,,,,,,,,,,,,,,,,267918.0,,,Plymouth,108.5,{1801:2018},Count_Person_over_time,year,https://datacommons.org/tools/statvar#Count_Person,float64,nuts/UKK41,nuts/UKK41,GBR,United Kingdom
21,nuts/UKM25,,,,,,,,,,,,,,,,,,,,,,,,,,,,,,,,,,464990.0,513210.0,,Edinburgh,72.33333333333333,{1801:2018},Count_Person_over_time,year,https://datacommons.org/tools/statvar#Count_Person,float64,nuts/UKM25,nuts/UKM25,GBR,United Kingdom
22,nuts/UKM34,,,,,,,,,,,,,,1088000.0,,,,,,681000.0,579000.0,,,,,598830.0,,,,,,,,,,626410.0,Glasgow,36.166666666666664,{1801:2018},Count_Person_over_time,year,https://datacommons.org/tools/statvar#Count_Person,float64,nuts/UKM34,nuts/UKM34,GBR,United Kingdom
23,wikidataId/Q1000740,,,,,,,,,,,,,,,,,,,,,17600.0,,,,,19518.0,,,,,,,,,,,Goole,72.33333333333333,{1801:2018},Count_Person_over_time,year,https://datacommons.org/tools/statvar#Count_Person,float64,wikidataId/Q1000740,wikidataId/Q1000740,GBR,United Kingdom
24,wikidataId/Q1001942,,,,,,,,,,,,,,,,,,,,,,,,,,,,,,,,,,10975.0,,,Oakham,108.5,{1801:2018},Count_Person_over_time,year,https://datacommons.org/tools/statvar#Count_Person,float64,wikidataId/Q1001942,wikidataId/Q1001942,GBR,United Kingdom
25,wikidataId/Q1002177,,,,,,,,,,,,,,,,,,,,,,,,,,11602.0,,,,,,,,,,,Stonehaven,108.5,{1801:2018},Count_Person_over_time,year,https://datacommons.org/tools/statvar#Count_Person,float64,wikidataId/Q1002177,wikidataId/Q1002177,GBR,United Kingdom
26,wikidataId/Q1007093,,,,,,,,,,,,,,,,,,,,,,,,,,34432.0,,,,,,,,,,,Exmouth,108.5,{1801:2018},Count_Person_over_time,year,https://datacommons.org/tools/statvar#Count_Person,float64,wikidataId/Q1007093,wikidataId/Q1007093,GBR,United Kingdom
27,wikidataId/Q1009316,,,,,,,,,,,,,,,,,,,,,,,,,,61789.0,,,,,,,,,,,Runcorn,108.5,{1801:2018},Count_Person_over_time,year,https://datacommons.org/tools/statvar#Count_Person,float64,wikidataId/Q1009316,wikidataId/Q1009316,GBR,United Kingdom
28,wikidataId/Q1010221,,,,,,,,,,,,,,,,,,,,,,,,,,9400.0,,,,,,,,,,,Hayle,108.5,{1801:2018},Count_Person_over_time,year,https://datacommons.org/tools/statvar#Count_Person,float64,wikidataId/Q1010221,wikidataId/Q1010221,GBR,United Kingdom
29,wikidataId/Q1010328,,,,,,,,,,,,,,,,,,,,,,,,,,,,,,,,,,10080.0,,,Kilsyth,108.5,{1801:2018},Count_Person_over_time,year,https://datacommons.org/tools/statvar#Count_Person,float64,wikidataId/Q1010328,wikidataId/Q1010328,GBR,United Kingdom
30,wikidataId/Q1011600,,,,,,,,,,,,,,,,,,,,,,,,,,61090.0,,,,,,,,,,,Ellesmere Port,108.5,{1801:2018},Count_Person_over_time,year,https://datacommons.org/tools/statvar#Count_Person,float64,wikidataId/Q1011600,wikidataId/Q1011600,GBR,United Kingdom
31,wikidataId/Q1012502,,,,,,,,,,,,,,,,,,,,,,,,,,,,,,,,,,7030.0,,,Wick,108.5,{1801:2018},Count_Person_over_time,year,https://datacommons.org/tools/statvar#Count_Person,float64,wikidataId/Q1012502,wikidataId/Q1012502,GBR,United Kingdom
32,wikidataId/Q101254,,,,,,,,,,,,,,,,,,,,,,,,,,145700.0,,,,,,,,,,153302.0,Newport,72.33333333333333,{1801:2018},Count_Person_over_time,year,https://datacommons.org/tools/statvar#Count_Person,float64,wikidataId/Q101254,wikidataId/Q101254,GBR,United Kingdom
33,wikidataId/Q1016707,,,,,,,,,,,,,,,,,,,,,4761.0,,,,,,,,,,,,,,,,Blackburn,108.5,{1801:2018},Count_Person_over_time,year,https://datacommons.org/tools/statvar#Count_Person,float64,wikidataId/Q1016707,wikidataId/Q1016707,GBR,United Kingdom
34,wikidataId/Q1017537,,,,,,,,,,,,,,,,,,,,,10885.0,,,,,,,,,,,,,,,,Inverurie,108.5,{1801:2018},Count_Person_over_time,year,https://datacommons.org/tools/statvar#Count_Person,float64,wikidataId/Q1017537,wikidataId/Q1017537,GBR,United Kingdom
35,wikidataId/Q1020362,,,,,,,,,,,,,,,,,,,,,,,,,,45249.0,,,,,,,,,,,Hinckley,108.5,{1801:2018},Count_Person_over_time,year,https://datacommons.org/tools/statvar#Count_Person,float64,wikidataId/Q1020362,wikidataId/Q1020362,GBR,United Kingdom
36,wikidataId/Q1020951,,,,,,,,,,,,,,,,,,,,,,,,,,14809.0,,,,,,,,,,,Ilkley,108.5,{1801:2018},Count_Person_over_time,year,https://datacommons.org/tools/statvar#Count_Person,float64,wikidataId/Q1020951,wikidataId/Q1020951,GBR,United Kingdom
37,wikidataId/Q1022488,,,,,,,,,,,,,,,,,,,,,,,,,,273400.0,,,,,,,285300.0,,,290395.0,Brighton and Hove,54.25,{1801:2018},Count_Person_over_time,year,https://datacommons.org/tools/statvar#Count_Person,float64,wikidataId/Q1022488,wikidataId/Q1022488,GBR,United Kingdom
38,wikidataId/Q1022741,,,,,,,,,,,,,,,,,,,,,,,,,,61464.0,,,,,,,,,,,Widnes,108.5,{1801:2018},Count_Person_over_time,year,https://datacommons.org/tools/statvar#Count_Person,float64,wikidataId/Q1022741,wikidataId/Q1022741,GBR,United Kingdom
39,wikidataId/Q1024911,,,,,,,,,,,,,,,,,,,,,,,,,,6664.0,,,,,,,,,,,Welshpool,108.5,{1801:2018},Count_Person_over_time,year,https://datacommons.org/tools/statvar#Count_Person,float64,wikidataId/Q1024911,wikidataId/Q1024911,GBR,United Kingdom
40,wikidataId/Q10686,,,,,,,,,,,,,,,,,,,,,,,,,,,,,,,,,333871.0,,,,Belfast,108.5,{1801:2018},Count_Person_over_time,year,https://datacommons.org/tools/statvar#Count_Person,float64,wikidataId/Q10686,wikidataId/Q10686,GBR,United Kingdom
41,wikidataId/Q10690,,,,,,,,,,,,,,,,,,,,,,,,,,,,,,,,,,361469.0,,,Cardiff,108.5,{1801:2018},Count_Person_over_time,year,https://datacommons.org/tools/statvar#Count_Person,float64,wikidataId/Q10690,wikidataId/Q10690,GBR,United Kingdom
42,wikidataId/Q10999,,,,,,,,,,,,,,,,,,,,,12027.0,,,,,12099.0,,,,,,,,,,,Tring,72.33333333333333,{1801:2018},Count_Person_over_time,year,https://datacommons.org/tools/statvar#Count_Person,float64,wikidataId/Q10999,wikidataId/Q10999,GBR,United Kingdom
43,wikidataId/Q1190876,,,,,,,,,,,,,,,,,,,,,29237.0,,,,,,,,,,,,,,,,Bromsgrove,108.5,{1801:2018},Count_Person_over_time,year,https://datacommons.org/tools/statvar#Count_Person,float64,wikidataId/Q1190876,wikidataId/Q1190876,GBR,United Kingdom
44,wikidataId/Q123709,,,,,,,,,,,,,,,,,,,,,,,,,,,,,,,,,,148270.0,,,Dundee,108.5,{1801:2018},Count_Person_over_time,year,https://datacommons.org/tools/statvar#Count_Person,float64,wikidataId/Q123709,wikidataId/Q123709,GBR,United Kingdom
45,wikidataId/Q1238552,,,,,,,,,,,,,,,,,,,,,,,,,,17789.0,,,,,,,,,,,Portchester,108.5,{1801:2018},Count_Person_over_time,year,https://datacommons.org/tools/statvar#Count_Person,float64,wikidataId/Q1238552,wikidataId/Q1238552,GBR,United Kingdom
46,wikidataId/Q1277696,,,,,,,,,,,,,,,,,,,,,4233.0,,,,,4627.0,,,,,,,,,,,Easingwold,72.33333333333333,{1801:2018},Count_Person_over_time,year,https://datacommons.org/tools/statvar#Count_Person,float64,wikidataId/Q1277696,wikidataId/Q1277696,GBR,United Kingdom
47,wikidataId/Q1277887,,,,,,,,,,,,,,,,,,,,,,,,,,26383.0,,,,,,,,,,,East Grinstead,108.5,{1801:2018},Count_Person_over_time,year,https://datacommons.org/tools/statvar#Count_Person,float64,wikidataId/Q1277887,wikidataId/Q1277887,GBR,United Kingdom
48,wikidataId/Q130191,,,,,,,,,,,,,,,,,,,,,,,,,,,213166.0,,,,,,,195971.0,,,Norwich,72.33333333333333,{1801:2018},Count_Person_over_time,year,https://datacommons.org/tools/statvar#Count_Person,float64,wikidataId/Q130191,wikidataId/Q130191,GBR,United Kingdom
49,wikidataId/Q131491,,,,,,,,,,,,,,,,,,,,,134293.0,,,,,,,,,,,,,,,,Brighton,108.5,{1801:2018},Count_Person_over_time,year,https://datacommons.org/tools/statvar#Count_Person,float64,wikidataId/Q131491,wikidataId/Q131491,GBR,United Kingdom
50,wikidataId/Q1425428,,,,,,,,,,,,,,,,,,,,,,,,,,,,282442.0,,276960.0,,,,,,300196.0,Newcastle upon Tyne,54.25,{1801:2018},Count_Person_over_time,year,https://datacommons.org/tools/statvar#Count_Person,float64,wikidataId/Q1425428,wikidataId/Q1425428,GBR,United Kingdom
51,wikidataId/Q1433341,,,,,,,,,,,,,,,,,,,,,,,,,,7297.0,,,,,,,,,,,Southwell,108.5,{1801:2018},Count_Person_over_time,year,https://datacommons.org/tools/statvar#Count_Person,float64,wikidataId/Q1433341,wikidataId/Q1433341,GBR,United Kingdom
52,wikidataId/Q1438673,,,,,,,,,,,,,,,,,,,,,12795.0,,,,,,,,,,,,,,,,Milngavie,108.5,{1801:2018},Count_Person_over_time,year,https://datacommons.org/tools/statvar#Count_Person,float64,wikidataId/Q1438673,wikidataId/Q1438673,GBR,United Kingdom
53,wikidataId/Q150214,,,,,,,,,,,,,,,,,,,,,,,,,,16989.0,,,,,,,,,,,Kilburn,108.5,{1801:2018},Count_Person_over_time,year,https://datacommons.org/tools/statvar#Count_Person,float64,wikidataId/Q150214,wikidataId/Q150214,GBR,United Kingdom
54,wikidataId/Q1529978,,,,,,,,,,,,,,,,,,,,,,,,,,15103.0,,,,,,,,,,,Tredegar,108.5,{1801:2018},Count_Person_over_time,year,https://datacommons.org/tools/statvar#Count_Person,float64,wikidataId/Q1529978,wikidataId/Q1529978,GBR,United Kingdom
55,wikidataId/Q153647,,,,,,,,,,,,,,,,,,,,,102629.0,,,,,,,,,,,,,,,,St Helens,108.5,{1801:2018},Count_Person_over_time,year,https://datacommons.org/tools/statvar#Count_Person,float64,wikidataId/Q153647,wikidataId/Q153647,GBR,United Kingdom
56,wikidataId/Q1612220,,,,,,,,,,,,,,,,,,,,,,,,,,5038.0,,,,,,,,,,,Wirksworth,108.5,{1801:2018},Count_Person_over_time,year,https://datacommons.org/tools/statvar#Count_Person,float64,wikidataId/Q1612220,wikidataId/Q1612220,GBR,United Kingdom
57,wikidataId/Q161491,,,,,,,,,,,,,,,,,,,,,,,,,,,,,,,,,,162666.0,,,Reading,108.5,{1801:2018},Count_Person_over_time,year,https://datacommons.org/tools/statvar#Count_Person,float64,wikidataId/Q161491,wikidataId/Q161491,GBR,United Kingdom
58,wikidataId/Q170377,,,,,,,,,,,,,,,,,,,,,,,,,,142100.0,,,,,,,,,,139305.0,Blackpool,72.33333333333333,{1801:2018},Count_Person_over_time,year,https://datacommons.org/tools/statvar#Count_Person,float64,wikidataId/Q170377,wikidataId/Q170377,GBR,United Kingdom
59,wikidataId/Q170497,,,,,,,,,,,,,,,,,,,,,,,,,,,,,,125649.0,,,,145563.0,,,Gloucester,72.33333333333333,{1801:2018},Count_Person_over_time,year,https://datacommons.org/tools/statvar#Count_Person,float64,wikidataId/Q170497,wikidataId/Q170497,GBR,United Kingdom
60,wikidataId/Q171923,,,,,,,,,,,,,,,,,,,,,,,,,,1974.0,,,,,,,,,,,Bala,108.5,{1801:2018},Count_Person_over_time,year,https://datacommons.org/tools/statvar#Count_Person,float64,wikidataId/Q171923,wikidataId/Q171923,GBR,United Kingdom
61,wikidataId/Q1755020,,,,,,,,,,,,,,,,,,,,,,,,,,,,,,,,,,68202.0,,,Tynemouth,108.5,{1801:2018},Count_Person_over_time,year,https://datacommons.org/tools/statvar#Count_Person,float64,wikidataId/Q1755020,wikidataId/Q1755020,GBR,United Kingdom
62,wikidataId/Q175632,,,,,,,,,,,,,,,,,,,,,,,,,,86552.0,,,,,,,,,,,Nuneaton,108.5,{1801:2018},Count_Person_over_time,year,https://datacommons.org/tools/statvar#Count_Person,float64,wikidataId/Q175632,wikidataId/Q175632,GBR,United Kingdom
63,wikidataId/Q1757473,,,,,,,,,,,,,,,,,,,,,,,,,,42954.0,,,,,,,,,,,Lytham St Annes,108.5,{1801:2018},Count_Person_over_time,year,https://datacommons.org/tools/statvar#Count_Person,float64,wikidataId/Q1757473,wikidataId/Q1757473,GBR,United Kingdom
64,wikidataId/Q1774629,,,,,,,,,,,,,,,,,,,,,33090.0,,,,,33698.0,,,,,,,,,,,Irvine,72.33333333333333,{1801:2018},Count_Person_over_time,year,https://datacommons.org/tools/statvar#Count_Person,float64,wikidataId/Q1774629,wikidataId/Q1774629,GBR,United Kingdom
65,wikidataId/Q179406,,,,,,,,,,,,,,,,,,,,,,,,,,88243.0,,,,,,,,,,,Grimsby,108.5,{1801:2018},Count_Person_over_time,year,https://datacommons.org/tools/statvar#Count_Person,float64,wikidataId/Q179406,wikidataId/Q179406,GBR,United Kingdom
66,wikidataId/Q179815,,,,,,,,,,,,,,,,,,,,,,,,,,48069.0,,,,,,,,,,,Durham,108.5,{1801:2018},Count_Person_over_time,year,https://datacommons.org/tools/statvar#Count_Person,float64,wikidataId/Q179815,wikidataId/Q179815,GBR,United Kingdom
67,wikidataId/Q180057,,,,,,,,,,,,,,,,,,,,,,,,,,100160.0,,,,,,,,,,,Lincoln,108.5,{1801:2018},Count_Person_over_time,year,https://datacommons.org/tools/statvar#Count_Person,float64,wikidataId/Q180057,wikidataId/Q180057,GBR,United Kingdom
68,wikidataId/Q182923,,,,,,,,,,,,,,,,,,,,,,,,,,,,,,,,,,,94000.0,,Stirling,108.5,{1801:2018},Count_Person_over_time,year,https://datacommons.org/tools/statvar#Count_Person,float64,wikidataId/Q182923,wikidataId/Q182923,GBR,United Kingdom
69,wikidataId/Q183296,,,,,,,,,,,,,,,,,,,,,32360.0,,,,,,,,,,,,,,,,Brighouse,108.5,{1801:2018},Count_Person_over_time,year,https://datacommons.org/tools/statvar#Count_Person,float64,wikidataId/Q183296,wikidataId/Q183296,GBR,United Kingdom
70,wikidataId/Q183329,,,,,,,,,,,,,,,,,,,,,,,,,,15504.0,,,,,,,,,,,Saffron Walden,108.5,{1801:2018},Count_Person_over_time,year,https://datacommons.org/tools/statvar#Count_Person,float64,wikidataId/Q183329,wikidataId/Q183329,GBR,United Kingdom
71,wikidataId/Q184090,,,,,,,,,,,,,,,,,,,,,,,,,,,,,,,,,,141801.0,,,Preston,108.5,{1801:2018},Count_Person_over_time,year,https://datacommons.org/tools/statvar#Count_Person,float64,wikidataId/Q184090,wikidataId/Q184090,GBR,United Kingdom
72,wikidataId/Q184163,,,,,,,,,,,,,,,,,,,,,,,,,,121859.0,,,,,,,,,,,Colchester,108.5,{1801:2018},Count_Person_over_time,year,https://datacommons.org/tools/statvar#Count_Person,float64,wikidataId/Q184163,wikidataId/Q184163,GBR,United Kingdom
73,wikidataId/Q184579,,,,,,,,,,,,,,,,,,,,,,,,,,128139.0,,,,,,,,,,285372.0,Bolton,72.33333333333333,{1801:2018},Count_Person_over_time,year,https://datacommons.org/tools/statvar#Count_Person,float64,wikidataId/Q184579,wikidataId/Q184579,GBR,United Kingdom
74,wikidataId/Q184775,,,,,,,,,,,,,,,,,,,,,,,,,,,,,,,,,,147522.0,,,Ipswich,108.5,{1801:2018},Count_Person_over_time,year,https://datacommons.org/tools/statvar#Count_Person,float64,wikidataId/Q184775,wikidataId/Q184775,GBR,United Kingdom
75,wikidataId/Q1854684,,,,,,,,,,,,,,,,,,,,,,,,,,8017.0,,,,,,,,,,,Gerrards Cross,108.5,{1801:2018},Count_Person_over_time,year,https://datacommons.org/tools/statvar#Count_Person,float64,wikidataId/Q1854684,wikidataId/Q1854684,GBR,United Kingdom
76,wikidataId/Q188313,,,,,,,,,,,,,,,,,,,,,,,,,,117963.0,,,,,,,,,,,Blackburn,108.5,{1801:2018},Count_Person_over_time,year,https://datacommons.org/tools/statvar#Count_Person,float64,wikidataId/Q188313,wikidataId/Q188313,GBR,United Kingdom
77,wikidataId/Q192240,,,,,,,,,,,,,,,,,,,,,,,,,,212100.0,,,,,,,,,,,Northampton,108.5,{1801:2018},Count_Person_over_time,year,https://datacommons.org/tools/statvar#Count_Person,float64,wikidataId/Q192240,wikidataId/Q192240,GBR,United Kingdom
78,wikidataId/Q192896,,,,,,,,,,,,,,,,,,,,,,,,,,,,,,,,,,75399.0,,,Carlisle,108.5,{1801:2018},Count_Person_over_time,year,https://datacommons.org/tools/statvar#Count_Person,float64,wikidataId/Q192896,wikidataId/Q192896,GBR,United Kingdom
79,wikidataId/Q19792,,,,,,,,,,,,,,,,,,,,,,,,,,18799.0,,,,,,,,,,,Ware,108.5,{1801:2018},Count_Person_over_time,year,https://datacommons.org/tools/statvar#Count_Person,float64,wikidataId/Q19792,wikidataId/Q19792,GBR,United Kingdom
80,wikidataId/Q19797,,,,,,,,,,,,,,,,,,,,,,,,,38202.0,,,,,,,,,,,,Bishop's Stortford,108.5,{1801:2018},Count_Person_over_time,year,https://datacommons.org/tools/statvar#Count_Person,float64,wikidataId/Q19797,wikidataId/Q19797,GBR,United Kingdom
81,wikidataId/Q19798,,,,,,,,,,,,,,,,,,,,,,,,,,34266.0,,,,,,,,,,,Hitchin,108.5,{1801:2018},Count_Person_over_time,year,https://datacommons.org/tools/statvar#Count_Person,float64,wikidataId/Q19798,wikidataId/Q19798,GBR,United Kingdom
82,wikidataId/Q19801,,,,,,,,,,,,,,,,,,,,,,,,,,33249.0,,,,,,,,,,,Letchworth Garden City,108.5,{1801:2018},Count_Person_over_time,year,https://datacommons.org/tools/statvar#Count_Person,float64,wikidataId/Q19801,wikidataId/Q19801,GBR,United Kingdom
83,wikidataId/Q1992389,,,,,,,,,,,,,,,,,,,,,,,,,,1938.0,,,,,,,,,,,Beaumaris,108.5,{1801:2018},Count_Person_over_time,year,https://datacommons.org/tools/statvar#Count_Person,float64,wikidataId/Q1992389,wikidataId/Q1992389,GBR,United Kingdom
84,wikidataId/Q2003600,,,,,,,,,,,,,,,,,,,,,,,,,,66566.0,,,,,,,,,,,Walton-on-Thames,108.5,{1801:2018},Count_Person_over_time,year,https://datacommons.org/tools/statvar#Count_Person,float64,wikidataId/Q2003600,wikidataId/Q2003600,GBR,United Kingdom
85,wikidataId/Q201812,,,,,,,,,,,,,,,,,,,,,,,,,,162949.0,,,,,,,,,,,Huddersfield,108.5,{1801:2018},Count_Person_over_time,year,https://datacommons.org/tools/statvar#Count_Person,float64,wikidataId/Q201812,wikidataId/Q201812,GBR,United Kingdom
86,wikidataId/Q201970,,,,,,,,,,,,,,,,,,,,,,,,,,71715.0,,,,,,,,,,,Shrewsbury,108.5,{1801:2018},Count_Person_over_time,year,https://datacommons.org/tools/statvar#Count_Person,float64,wikidataId/Q201970,wikidataId/Q201970,GBR,United Kingdom
87,wikidataId/Q2020203,,,,,,,,,,,,,,,,,,,,,,,,,,25149.0,,,,,,,,,,,Rhyl,108.5,{1801:2018},Count_Person_over_time,year,https://datacommons.org/tools/statvar#Count_Person,float64,wikidataId/Q2020203,wikidataId/Q2020203,GBR,United Kingdom
88,wikidataId/Q202628,,,,,,,,,,,,,,,,,,,,,,,,,,96555.0,,,,,,,,,,,Oldham,108.5,{1801:2018},Count_Person_over_time,year,https://datacommons.org/tools/statvar#Count_Person,float64,wikidataId/Q202628,wikidataId/Q202628,GBR,United Kingdom
89,wikidataId/Q203000,,,,,,,,,,,,,,,,,,,,,43450.0,,,,,,,,,,,,,,,,Perth,108.5,{1801:2018},Count_Person_over_time,year,https://datacommons.org/tools/statvar#Count_Person,float64,wikidataId/Q203000,wikidataId/Q203000,GBR,United Kingdom
90,wikidataId/Q204720,,,,,,,,,,,,,,,,,,,,,,,,,,,,,,,,,,63024.0,,,Hereford,108.5,{1801:2018},Count_Person_over_time,year,https://datacommons.org/tools/statvar#Count_Person,float64,wikidataId/Q204720,wikidataId/Q204720,GBR,United Kingdom
91,wikidataId/Q205905,,,,,,,,,,,,,,,,,,,,,,,,,,52234.0,,,,,,,,,,,Lancaster,108.5,{1801:2018},Count_Person_over_time,year,https://datacommons.org/tools/statvar#Count_Person,float64,wikidataId/Q205905,wikidataId/Q205905,GBR,United Kingdom
92,wikidataId/Q206988,,,,,,,,,,,,,,,,,,,,,,,,,,116447.0,,,,,,,,,,,Cheltenham,108.5,{1801:2018},Count_Person_over_time,year,https://datacommons.org/tools/statvar#Count_Person,float64,wikidataId/Q206988,wikidataId/Q206988,GBR,United Kingdom
93,wikidataId/Q2070717,,,,,,,,,,,,,,,,,,,,,18768.0,,,,,20768.0,,,,,,,,,,,Leek,72.33333333333333,{1801:2018},Count_Person_over_time,year,https://datacommons.org/tools/statvar#Count_Person,float64,wikidataId/Q2070717,wikidataId/Q2070717,GBR,United Kingdom
94,wikidataId/Q2078535,,,,,,,,,,,,,,,,,,,,,,,,,,,,,,,,,,38420.0,,,Chorley,108.5,{1801:2018},Count_Person_over_time,year,https://datacommons.org/tools/statvar#Count_Person,float64,wikidataId/Q2078535,wikidataId/Q2078535,GBR,United Kingdom
95,wikidataId/Q208257,,,,,,,,,,,,,,,,,,,,,,,,,,,,,,,,,,92407.0,,,Bedford,108.5,{1801:2018},Count_Person_over_time,year,https://datacommons.org/tools/statvar#Count_Person,float64,wikidataId/Q208257,wikidataId/Q208257,GBR,United Kingdom
96,wikidataId/Q208262,,,,,,,,,,,,,,,,,,,,,,,93630.0,,,99412.0,,,,101547.0,,,,,,,Eastbourne,54.25,{1801:2018},Count_Person_over_time,year,https://datacommons.org/tools/statvar#Count_Person,float64,wikidataId/Q208262,wikidataId/Q208262,GBR,United Kingdom
97,wikidataId/Q208296,,,,,,,,,,,,,,,,,,,,,,,,,,,,,,,,,,12457.0,,,Cromer,108.5,{1801:2018},Count_Person_over_time,year,https://datacommons.org/tools/statvar#Count_Person,float64,wikidataId/Q208296,wikidataId/Q208296,GBR,United Kingdom
98,wikidataId/Q209096,,,,,,,,,,,,,,,,,,,,,73021.0,,,,,,,,,,,,,82002.0,,,Burnley,72.33333333333333,{1801:2018},Count_Person_over_time,year,https://datacommons.org/tools/statvar#Count_Person,float64,wikidataId/Q209096,wikidataId/Q209096,GBR,United Kingdom
99,wikidataId/Q210985,,,,,,,,,,,,,,,,,,,,,,,,,,,,,,,,,,115369.0,,,Chelmsford,108.5,{1801:2018},Count_Person_over_time,year,https://datacommons.org/tools/statvar#Count_Person,float64,wikidataId/Q210985,wikidataId/Q210985,GBR,United Kingdom
100,wikidataId/Q2117331,,,,,,,,,,,,,,,,,,,,,,,,,,95580.0,,,,,,,,,,,Rayleigh,108.5,{1801:2018},Count_Person_over_time,year,https://datacommons.org/tools/statvar#Count_Person,float64,wikidataId/Q2117331,wikidataId/Q2117331,GBR,United Kingdom
101,wikidataId/Q211950,,,,,,,,,,,,,,,,,,,,,,,,,,,,50380.0,,,,,,,,,Dunfermline,108.5,{1801:2018},Count_Person_over_time,year,https://datacommons.org/tools/statvar#Count_Person,float64,wikidataId/Q211950,wikidataId/Q211950,GBR,United Kingdom
102,wikidataId/Q212826,,,,,,,,,,,,,,,,,,,,146386.0,,,,,,,,,,,,,,,,,West Bromwich,108.5,{1801:2018},Count_Person_over_time,year,https://datacommons.org/tools/statvar#Count_Person,float64,wikidataId/Q212826,wikidataId/Q212826,GBR,United Kingdom
103,wikidataId/Q213154,,,,,,,,,,,,,,,,,,,,,,,,,12250.0,,,,,,,,,,,,Aberystwyth,108.5,{1801:2018},Count_Person_over_time,year,https://datacommons.org/tools/statvar#Count_Person,float64,wikidataId/Q213154,wikidataId/Q213154,GBR,United Kingdom
104,wikidataId/Q213180,,,,,,,,,,,,,,,,,,,,,,,,,,107627.0,,,,,,,,,,,Maidstone,108.5,{1801:2018},Count_Person_over_time,year,https://datacommons.org/tools/statvar#Count_Person,float64,wikidataId/Q213180,wikidataId/Q213180,GBR,United Kingdom
105,wikidataId/Q213181,,,,,,,,,,,,,,,,,,,,,,,,,,92363.0,,,,,,,,,,,Darlington,108.5,{1801:2018},Count_Person_over_time,year,https://datacommons.org/tools/statvar#Count_Person,float64,wikidataId/Q213181,wikidataId/Q213181,GBR,United Kingdom
106,wikidataId/Q213465,,,,,,,,,,,,,,,,,,,,,,,,,,77057.0,,,,,,,,,,,Guildford,108.5,{1801:2018},Count_Person_over_time,year,https://datacommons.org/tools/statvar#Count_Person,float64,wikidataId/Q213465,wikidataId/Q213465,GBR,United Kingdom
107,wikidataId/Q213474,,,,4907.0,,,,,,,,,,,,,,,,,,,,,,,,,,,,,,83407.0,,,Aylesbury,72.33333333333333,{1801:2018},Count_Person_over_time,year,https://datacommons.org/tools/statvar#Count_Person,float64,wikidataId/Q213474,wikidataId/Q213474,GBR,United Kingdom
108,wikidataId/Q2148571,,,,,,,,,,,,,,,,,,,,,,,,,,10860.0,,,,,,,,,,,Soham,108.5,{1801:2018},Count_Person_over_time,year,https://datacommons.org/tools/statvar#Count_Person,float64,wikidataId/Q2148571,wikidataId/Q2148571,GBR,United Kingdom
109,wikidataId/Q215829,,,,,,,,,,,,,,,,,,,,,,,,,,73576.0,,,,,,,,,,,Harrogate,108.5,{1801:2018},Count_Person_over_time,year,https://datacommons.org/tools/statvar#Count_Person,float64,wikidataId/Q215829,wikidataId/Q215829,GBR,United Kingdom
110,wikidataId/Q216638,,,,,,,,,,,,,,,,,,,,,,,,,,99251.0,,,,,,,,,,,Wakefield,108.5,{1801:2018},Count_Person_over_time,year,https://datacommons.org/tools/statvar#Count_Person,float64,wikidataId/Q216638,wikidataId/Q216638,GBR,United Kingdom
111,wikidataId/Q217039,,,,,,,,,,,,,,,,,,,,,,,,,,109691.0,,,,,,,,,,,Rotherham,108.5,{1801:2018},Count_Person_over_time,year,https://datacommons.org/tools/statvar#Count_Person,float64,wikidataId/Q217039,wikidataId/Q217039,GBR,United Kingdom
112,wikidataId/Q2194010,,,,,,,,,,,,,,,,,,,,,,,,,,18041.0,,,,,,,,,,,Sunbury-on-Thames,108.5,{1801:2018},Count_Person_over_time,year,https://datacommons.org/tools/statvar#Count_Person,float64,wikidataId/Q2194010,wikidataId/Q2194010,GBR,United Kingdom
113,wikidataId/Q2247131,,,,,,,,,,,,,,,,,,,,,7095.0,,,,,,,,,,,,,,,,Bollington,108.5,{1801:2018},Count_Person_over_time,year,https://datacommons.org/tools/statvar#Count_Person,float64,wikidataId/Q2247131,wikidataId/Q2247131,GBR,United Kingdom
114,wikidataId/Q2283481,,,,,,,,,,,,,,,,,,,,,,,,,,2845.0,,,,,,,,,,,Thaxted,108.5,{1801:2018},Count_Person_over_time,year,https://datacommons.org/tools/statvar#Count_Person,float64,wikidataId/Q2283481,wikidataId/Q2283481,GBR,United Kingdom
115,wikidataId/Q22889,,,,,,,,,,,,,,,,,,,,,,,,,,94782.0,,,,,,,,,,,Bath,108.5,{1801:2018},Count_Person_over_time,year,https://datacommons.org/tools/statvar#Count_Person,float64,wikidataId/Q22889,wikidataId/Q22889,GBR,United Kingdom
116,wikidataId/Q23051,,,,,,,,,,,,,,,,,,,,,,,,,,,,,,,,,,,245500.0,,Swansea,108.5,{1801:2018},Count_Person_over_time,year,https://datacommons.org/tools/statvar#Count_Person,float64,wikidataId/Q23051,wikidataId/Q23051,GBR,United Kingdom
117,wikidataId/Q2316216,,,,,,,,,,,,,,,,,,,,,4375.0,,,,,,,,,,,,,,,,Chirk,108.5,{1801:2018},Count_Person_over_time,year,https://datacommons.org/tools/statvar#Count_Person,float64,wikidataId/Q2316216,wikidataId/Q2316216,GBR,United Kingdom
118,wikidataId/Q237250,,,,,,,,,,,,,,,,,,,,,,,,,,,,,,,,,,27027.0,,,Thetford,108.5,{1801:2018},Count_Person_over_time,year,https://datacommons.org/tools/statvar#Count_Person,float64,wikidataId/Q237250,wikidataId/Q237250,GBR,United Kingdom
119,wikidataId/Q2396339,,,,,,,,,,,,,,,,,,,,,6819.0,,,,,,,,,,,,,,,,Watton,108.5,{1801:2018},Count_Person_over_time,year,https://datacommons.org/tools/statvar#Count_Person,float64,wikidataId/Q2396339,wikidataId/Q2396339,GBR,United Kingdom
120,wikidataId/Q2449644,,,,,,,,,,,,,,,,,,,,,,,,,,16826.0,,,,,,,,,,,Haslemere,108.5,{1801:2018},Count_Person_over_time,year,https://datacommons.org/tools/statvar#Count_Person,float64,wikidataId/Q2449644,wikidataId/Q2449644,GBR,United Kingdom
121,wikidataId/Q2463831,,,,,,,,,,,,,,,,,,,,,,,,,,25695.0,,,,,,,,,,,Coulsdon,108.5,{1801:2018},Count_Person_over_time,year,https://datacommons.org/tools/statvar#Count_Person,float64,wikidataId/Q2463831,wikidataId/Q2463831,GBR,United Kingdom
122,wikidataId/Q246632,,,,,,,,,,,,,,,,,,,,,,,,,,11803.0,,,,,,,,,,,Oswaldtwistle,108.5,{1801:2018},Count_Person_over_time,year,https://datacommons.org/tools/statvar#Count_Person,float64,wikidataId/Q246632,wikidataId/Q246632,GBR,United Kingdom
123,wikidataId/Q246884,,,,,,,,,,,,,,,,,,,,,15988.0,,,,,,,,,,,,,,,,Lewes,108.5,{1801:2018},Count_Person_over_time,year,https://datacommons.org/tools/statvar#Count_Person,float64,wikidataId/Q246884,wikidataId/Q246884,GBR,United Kingdom
124,wikidataId/Q2472406,,,,,,,,,,,,,,,,,,,,,,,,,,5411.0,,,,,,,,,,,Ammanford,108.5,{1801:2018},Count_Person_over_time,year,https://datacommons.org/tools/statvar#Count_Person,float64,wikidataId/Q2472406,wikidataId/Q2472406,GBR,United Kingdom
125,wikidataId/Q2569086,,,,,,,,,,,,,,,,,,,,,,,,,,12291.0,,,,,,,,,,,New Mills,108.5,{1801:2018},Count_Person_over_time,year,https://datacommons.org/tools/statvar#Count_Person,float64,wikidataId/Q2569086,wikidataId/Q2569086,GBR,United Kingdom
126,wikidataId/Q2569107,,,,,,,,,,,,,,,,,,,,,,,,,,9252.0,,,,,,,,,,,Towcester,108.5,{1801:2018},Count_Person_over_time,year,https://datacommons.org/tools/statvar#Count_Person,float64,wikidataId/Q2569107,wikidataId/Q2569107,GBR,United Kingdom
127,wikidataId/Q2598,,,,,,,,,,,,,,,,,,,,,,,,,,90301.0,,,,,,,,,,,Watford,108.5,{1801:2018},Count_Person_over_time,year,https://datacommons.org/tools/statvar#Count_Person,float64,wikidataId/Q2598,wikidataId/Q2598,GBR,United Kingdom
128,wikidataId/Q263497,,,,,,,,,,,,,,,,,,,,,,,,,,5735.0,,,,,,,,,,,Oundle,108.5,{1801:2018},Count_Person_over_time,year,https://datacommons.org/tools/statvar#Count_Person,float64,wikidataId/Q263497,wikidataId/Q263497,GBR,United Kingdom
129,wikidataId/Q2684024,,,,,,,,,,,,,,,,,,,,,,,,,,11380.0,,,,,,,,,,,Buckhurst Hill,108.5,{1801:2018},Count_Person_over_time,year,https://datacommons.org/tools/statvar#Count_Person,float64,wikidataId/Q2684024,wikidataId/Q2684024,GBR,United Kingdom
130,wikidataId/Q2701121,,,,,,,,,,,,,,,,,,,,,,,,,,825.0,,,,,,,,,,,Middleham,108.5,{1801:2018},Count_Person_over_time,year,https://datacommons.org/tools/statvar#Count_Person,float64,wikidataId/Q2701121,wikidataId/Q2701121,GBR,United Kingdom
131,wikidataId/Q2734841,,,,,,,,,,,,,,,,,,,,,,,,,,16856.0,,,,,,,,,,,Maltby,108.5,{1801:2018},Count_Person_over_time,year,https://datacommons.org/tools/statvar#Count_Person,float64,wikidataId/Q2734841,wikidataId/Q2734841,GBR,United Kingdom
132,wikidataId/Q276274,,,,,,,,,,,,,,,,,,,,,,,,,,12492.0,,,,,,,,,,,Wolverton,108.5,{1801:2018},Count_Person_over_time,year,https://datacommons.org/tools/statvar#Count_Person,float64,wikidataId/Q276274,wikidataId/Q276274,GBR,United Kingdom
133,wikidataId/Q279000,,,,,,,,,,,,,,,,,,,,,,,,,,75337.0,,,,,,,,,,,South Shields,108.5,{1801:2018},Count_Person_over_time,year,https://datacommons.org/tools/statvar#Count_Person,float64,wikidataId/Q279000,wikidataId/Q279000,GBR,United Kingdom
134,wikidataId/Q29245,,,,,,,,,,,,,,,,,,,,,,,,,,91053.0,,,,,,,,,,,Hastings,108.5,{1801:2018},Count_Person_over_time,year,https://datacommons.org/tools/statvar#Count_Person,float64,wikidataId/Q29245,wikidataId/Q29245,GBR,United Kingdom
135,wikidataId/Q29303,,,,,,,,,,,,,,,,,,,,,46490.0,,,,,54880.0,,,,,,,,,,,Canterbury,72.33333333333333,{1801:2018},Count_Person_over_time,year,https://datacommons.org/tools/statvar#Count_Person,float64,wikidataId/Q29303,wikidataId/Q29303,GBR,United Kingdom
136,wikidataId/Q2930793,,,,,,,,,,,,,,,,,,,,,3190.0,,,,,,,,,,,,,,,,Porthleven,108.5,{1801:2018},Count_Person_over_time,year,https://datacommons.org/tools/statvar#Count_Person,float64,wikidataId/Q2930793,wikidataId/Q2930793,GBR,United Kingdom
137,wikidataId/Q3050619,,,,,,,,,,,,,,,,,,,,,,,,,,8886.0,,,,,,,,,,,Holywell,108.5,{1801:2018},Count_Person_over_time,year,https://datacommons.org/tools/statvar#Count_Person,float64,wikidataId/Q3050619,wikidataId/Q3050619,GBR,United Kingdom
138,wikidataId/Q305076,,,,,,,,,,,,,,,,,,,,,,,,,,23689.0,,,,,,,,,,,Droylsden,108.5,{1801:2018},Count_Person_over_time,year,https://datacommons.org/tools/statvar#Count_Person,float64,wikidataId/Q305076,wikidataId/Q305076,GBR,United Kingdom
139,wikidataId/Q30970,,,,,,,,,,,,,,,,,,,,,,,,,,,,,,,,,,714.0,,,Jamestown,108.5,{1801:2018},Count_Person_over_time,year,https://datacommons.org/tools/statvar#Count_Person,float64,wikidataId/Q30970,wikidataId/Q30970,GBR,United Kingdom
140,wikidataId/Q319566,,,,,,,,,,,,,,,,,,,,,,,,,,,,1986.0,,,,,,,,,Aberfeldy,108.5,{1801:2018},Count_Person_over_time,year,https://datacommons.org/tools/statvar#Count_Person,float64,wikidataId/Q319566,wikidataId/Q319566,GBR,United Kingdom
141,wikidataId/Q321381,,,,,,,,,,,,,,,,,,,,,,,,,,33130.0,,,,,,,,,,,Abingdon-on-Thames,108.5,{1801:2018},Count_Person_over_time,year,https://datacommons.org/tools/statvar#Count_Person,float64,wikidataId/Q321381,wikidataId/Q321381,GBR,United Kingdom
142,wikidataId/Q36405,,,,,,,,,,,,,,,,,,,,,,,,,,,,,,,222793.0,,,,,,Aberdeen,108.5,{1801:2018},Count_Person_over_time,year,https://datacommons.org/tools/statvar#Count_Person,float64,wikidataId/Q36405,wikidataId/Q36405,GBR,United Kingdom
143,wikidataId/Q375314,,,,,,,,,,,,,,,,,,,,,,,,,,51337.0,,,,,,,,,,,Folkestone,108.5,{1801:2018},Count_Person_over_time,year,https://datacommons.org/tools/statvar#Count_Person,float64,wikidataId/Q375314,wikidataId/Q375314,GBR,United Kingdom
144,wikidataId/Q3778940,,,,,,,,,,,,,,,,,,,,,3767.0,,,,,,,,,,,,,,,,Macduff,108.5,{1801:2018},Count_Person_over_time,year,https://datacommons.org/tools/statvar#Count_Person,float64,wikidataId/Q3778940,wikidataId/Q3778940,GBR,United Kingdom
145,wikidataId/Q39480,,,,,,,,,,,,,,,,,,,,,15640.0,,,,,,,,,,,,,,,,Porthcawl,108.5,{1801:2018},Count_Person_over_time,year,https://datacommons.org/tools/statvar#Count_Person,float64,wikidataId/Q39480,wikidataId/Q39480,GBR,United Kingdom
146,wikidataId/Q407183,,,,,,,,,,,,,,,,,,,,,,,,,,14294.0,,,,,,,,,,,Hawick,108.5,{1801:2018},Count_Person_over_time,year,https://datacommons.org/tools/statvar#Count_Person,float64,wikidataId/Q407183,wikidataId/Q407183,GBR,United Kingdom
147,wikidataId/Q4131,,,,,,,,,,,,,,,,,,,,,,,,,,53188.0,,,,,,,,,,,Hamilton,108.5,{1801:2018},Count_Person_over_time,year,https://datacommons.org/tools/statvar#Count_Person,float64,wikidataId/Q4131,wikidataId/Q4131,GBR,United Kingdom
148,wikidataId/Q428829,,,,,,,,,,,,,,,,,,,,,,,,,,9615.0,,,,,,,,,,,Caernarfon,108.5,{1801:2018},Count_Person_over_time,year,https://datacommons.org/tools/statvar#Count_Person,float64,wikidataId/Q428829,wikidataId/Q428829,GBR,United Kingdom
149,wikidataId/Q445058,,,,,,,,,,,,,,,,,,,,,,,,,,52419.0,,,,,,,,,,,Altrincham,108.5,{1801:2018},Count_Person_over_time,year,https://datacommons.org/tools/statvar#Count_Person,float64,wikidataId/Q445058,wikidataId/Q445058,GBR,United Kingdom
150,wikidataId/Q464955,3361.0,,,,,6734.0,,,,,,,,,,,,,,,26885.0,,,,,,,,,,,,,,,,Windsor,54.25,{1801:2018},Count_Person_over_time,year,https://datacommons.org/tools/statvar#Count_Person,float64,wikidataId/Q464955,wikidataId/Q464955,GBR,United Kingdom
151,wikidataId/Q474605,,,,,,,,,,,,,,,,,,,,,,,,,,107926.0,,,,,,,,110194.0,,,Rochdale,72.33333333333333,{1801:2018},Count_Person_over_time,year,https://datacommons.org/tools/statvar#Count_Person,float64,wikidataId/Q474605,wikidataId/Q474605,GBR,United Kingdom
152,wikidataId/Q47822,,,,,,,,,,,,,,,,,,,,,,,,,,,,,,,,,,78729.0,,,Bury,108.5,{1801:2018},Count_Person_over_time,year,https://datacommons.org/tools/statvar#Count_Person,float64,wikidataId/Q47822,wikidataId/Q47822,GBR,United Kingdom
153,wikidataId/Q47952,,,,,,,,,,,,,,,,,,,,,,,,,,103886.0,,,,,,,,,,,Salford,108.5,{1801:2018},Count_Person_over_time,year,https://datacommons.org/tools/statvar#Count_Person,float64,wikidataId/Q47952,wikidataId/Q47952,GBR,United Kingdom
154,wikidataId/Q503331,,,,,,,,,,,,,,,,,,,,,,,,,,,,,,,,,,20135.0,,,Dorchester,108.5,{1801:2018},Count_Person_over_time,year,https://datacommons.org/tools/statvar#Count_Person,float64,wikidataId/Q503331,wikidataId/Q503331,GBR,United Kingdom
155,wikidataId/Q504530,,,,,,,,,,,,,,,,,,,,,,,,,,67594.0,,,,,,,,,,,Walsall,108.5,{1801:2018},Count_Person_over_time,year,https://datacommons.org/tools/statvar#Count_Person,float64,wikidataId/Q504530,wikidataId/Q504530,GBR,United Kingdom
156,wikidataId/Q507125,,,,,,,,,,,,,,,,,,,,,20214.0,,,,,,,,,,,,,,,,Yateley,108.5,{1801:2018},Count_Person_over_time,year,https://datacommons.org/tools/statvar#Count_Person,float64,wikidataId/Q507125,wikidataId/Q507125,GBR,United Kingdom
157,wikidataId/Q525508,,,,,,,,,,,,,,,,,,,,,,,,,,62945.0,,,,,,,,,,,Dewsbury,108.5,{1801:2018},Count_Person_over_time,year,https://datacommons.org/tools/statvar#Count_Person,float64,wikidataId/Q525508,wikidataId/Q525508,GBR,United Kingdom
158,wikidataId/Q526576,,,,,,,,,,,,,,,,,,,,,,8721.0,,,,,,,,,,,,,,,Thurso,108.5,{1801:2018},Count_Person_over_time,year,https://datacommons.org/tools/statvar#Count_Person,float64,wikidataId/Q526576,wikidataId/Q526576,GBR,United Kingdom
159,wikidataId/Q531311,,,,,,,,,,,,,,,,,,,,,,,,,,14749.0,,,,,,,,,,,Teignmouth,108.5,{1801:2018},Count_Person_over_time,year,https://datacommons.org/tools/statvar#Count_Person,float64,wikidataId/Q531311,wikidataId/Q531311,GBR,United Kingdom
160,wikidataId/Q535233,,,,,,,,,,,,,,,,,,,,,6418.0,,,,,,,,,,,,,,,,Wimborne Minster,108.5,{1801:2018},Count_Person_over_time,year,https://datacommons.org/tools/statvar#Count_Person,float64,wikidataId/Q535233,wikidataId/Q535233,GBR,United Kingdom
161,wikidataId/Q537323,,,,,,,,,,,,,,,,,,,,,,,,,,59932.0,,,,,,,,,,,Loughborough,108.5,{1801:2018},Count_Person_over_time,year,https://datacommons.org/tools/statvar#Count_Person,float64,wikidataId/Q537323,wikidataId/Q537323,GBR,United Kingdom
162,wikidataId/Q537692,,,,,,,,,,,,,,,,,,,,,,,,,,59495.0,,,,,,,,,,,Filton,108.5,{1801:2018},Count_Person_over_time,year,https://datacommons.org/tools/statvar#Count_Person,float64,wikidataId/Q537692,wikidataId/Q537692,GBR,United Kingdom
163,wikidataId/Q54212,,,,,,,,,,,,,,,,,,,,,,,,,,,,,,,,,,96082.0,,,Barnsley,108.5,{1801:2018},Count_Person_over_time,year,https://datacommons.org/tools/statvar#Count_Person,float64,wikidataId/Q54212,wikidataId/Q54212,GBR,United Kingdom
164,wikidataId/Q546635,,,,,,,,,,,,,,,,,,,,,,,,,,55733.0,,,,,,,,,,,Royal Leamington Spa,108.5,{1801:2018},Count_Person_over_time,year,https://datacommons.org/tools/statvar#Count_Person,float64,wikidataId/Q546635,wikidataId/Q546635,GBR,United Kingdom
165,wikidataId/Q547071,,,,,,,,,,,,,,,,,,,,,,,,,,65034.0,,,,,,,,,,,Farnborough,108.5,{1801:2018},Count_Person_over_time,year,https://datacommons.org/tools/statvar#Count_Person,float64,wikidataId/Q547071,wikidataId/Q547071,GBR,United Kingdom
166,wikidataId/Q58270,,,,,,,,,,,,,,,,,,,,,14744.0,,,,,,,,,,,,,,,,Banbridge,108.5,{1801:2018},Count_Person_over_time,year,https://datacommons.org/tools/statvar#Count_Person,float64,wikidataId/Q58270,wikidataId/Q58270,GBR,United Kingdom
167,wikidataId/Q586895,,,,,,,,,,,,,,,,,,,,,9350.0,,,,,,,,,,,,,,,,Sherborne,108.5,{1801:2018},Count_Person_over_time,year,https://datacommons.org/tools/statvar#Count_Person,float64,wikidataId/Q586895,wikidataId/Q586895,GBR,United Kingdom
168,wikidataId/Q610238,,,,,,,,,,,,,,,,,,,,,,,,,,104157.0,,,,,,,,,,,Gillingham,108.5,{1801:2018},Count_Person_over_time,year,https://datacommons.org/tools/statvar#Count_Person,float64,wikidataId/Q610238,wikidataId/Q610238,GBR,United Kingdom
169,wikidataId/Q617799,,,,,,,,,,,,,,,,,,,,,,,,,,51429.0,,,,,,,,,,,Willenhall,108.5,{1801:2018},Count_Person_over_time,year,https://datacommons.org/tools/statvar#Count_Person,float64,wikidataId/Q617799,wikidataId/Q617799,GBR,United Kingdom
170,wikidataId/Q623765,,,,,,,,,,,,,,,,,,,,,,,,,,70627.0,,,,,,,,,,,Rugby,108.5,{1801:2018},Count_Person_over_time,year,https://datacommons.org/tools/statvar#Count_Person,float64,wikidataId/Q623765,wikidataId/Q623765,GBR,United Kingdom
171,wikidataId/Q631444,,,,,,,,,,,,,,,,,3372.0,3980.0,3940.0,6180.0,6680.0,,,,,7314.0,,,,,,,,,,,Shaftesbury,31.0,{1801:2018},Count_Person_over_time,year,https://datacommons.org/tools/statvar#Count_Person,float64,wikidataId/Q631444,wikidataId/Q631444,GBR,United Kingdom
172,wikidataId/Q632993,,,,,,,,,,,,,,,,,,,,,1671.0,,,,,,,,,,,,,,,,Melrose,108.5,{1801:2018},Count_Person_over_time,year,https://datacommons.org/tools/statvar#Count_Person,float64,wikidataId/Q632993,wikidataId/Q632993,GBR,United Kingdom
173,wikidataId/Q637482,,,,,,,,,,,,,,,,,,,,,,,,,,50904.0,,,,,,,,,,,Esher,108.5,{1801:2018},Count_Person_over_time,year,https://datacommons.org/tools/statvar#Count_Person,float64,wikidataId/Q637482,wikidataId/Q637482,GBR,United Kingdom
174,wikidataId/Q646225,,,,,,,,,,,,,,,,,,,,,62796.0,,,,,,,,,,,,,,,,Woking,108.5,{1801:2018},Count_Person_over_time,year,https://datacommons.org/tools/statvar#Count_Person,float64,wikidataId/Q646225,wikidataId/Q646225,GBR,United Kingdom
175,wikidataId/Q648810,,,,,,,,,,,,,,,,,,,,,,,,,,,,,,,,,,73241.0,,,Crewe,108.5,{1801:2018},Count_Person_over_time,year,https://datacommons.org/tools/statvar#Count_Person,float64,wikidataId/Q648810,wikidataId/Q648810,GBR,United Kingdom
176,wikidataId/Q6497774,,,,,,,,,,,,,,,,,,,,,,,,,,49404.0,,,,,,,,,,,Bridgend,108.5,{1801:2018},Count_Person_over_time,year,https://datacommons.org/tools/statvar#Count_Person,float64,wikidataId/Q6497774,wikidataId/Q6497774,GBR,United Kingdom
177,wikidataId/Q652035,,,,,,,,,,,,,,,,,,,,,,,,,,32914.0,,,,,,,,,,,Dumfries,108.5,{1801:2018},Count_Person_over_time,year,https://datacommons.org/tools/statvar#Count_Person,float64,wikidataId/Q652035,wikidataId/Q652035,GBR,United Kingdom
178,wikidataId/Q654226,,,,,,,,,,,,,,,,,,,,,,,,,,,,,74411.0,,,,,,,,East Kilbride,108.5,{1801:2018},Count_Person_over_time,year,https://datacommons.org/tools/statvar#Count_Person,float64,wikidataId/Q654226,wikidataId/Q654226,GBR,United Kingdom
179,wikidataId/Q659803,,,,,,,,,,,,,,,,,,,,,,,,,,45198.0,,,,,,,,,,,Ashton-under-Lyne,108.5,{1801:2018},Count_Person_over_time,year,https://datacommons.org/tools/statvar#Count_Person,float64,wikidataId/Q659803,wikidataId/Q659803,GBR,United Kingdom
180,wikidataId/Q661707,,,,,,,,,,,,,,,,,,,,,,,,,,63298.0,,,,,,,,,,,Stourbridge,108.5,{1801:2018},Count_Person_over_time,year,https://datacommons.org/tools/statvar#Count_Person,float64,wikidataId/Q661707,wikidataId/Q661707,GBR,United Kingdom
181,wikidataId/Q665489,,,,,,,,,,,,,,,,,,,,,,,,,,57772.0,,,,,,,,,,,Royal Tunbridge Wells,108.5,{1801:2018},Count_Person_over_time,year,https://datacommons.org/tools/statvar#Count_Person,float64,wikidataId/Q665489,wikidataId/Q665489,GBR,United Kingdom
182,wikidataId/Q668262,,,,,,,,,,,,,,,,,,,,,11018.0,,,,,,,,,,,,,,,,Tavistock,108.5,{1801:2018},Count_Person_over_time,year,https://datacommons.org/tools/statvar#Count_Person,float64,wikidataId/Q668262,wikidataId/Q668262,GBR,United Kingdom
183,wikidataId/Q671348,,,,,,,,,,,,,,,,,,,,,,,,,,109120.0,,,,,,,,,,,Worthing,108.5,{1801:2018},Count_Person_over_time,year,https://datacommons.org/tools/statvar#Count_Person,float64,wikidataId/Q671348,wikidataId/Q671348,GBR,United Kingdom
184,wikidataId/Q685640,,,,,,,,,,,,,,,,,,,,,,,,,,23732.0,,,,,,,,,,,Huntingdon,108.5,{1801:2018},Count_Person_over_time,year,https://datacommons.org/tools/statvar#Count_Person,float64,wikidataId/Q685640,wikidataId/Q685640,GBR,United Kingdom
185,wikidataId/Q716658,,,,2803.0,,,,,,,,,,,,,,,,,,,,,,,,,,,,,,,,,Arundel,108.5,{1801:2018},Count_Person_over_time,year,https://datacommons.org/tools/statvar#Count_Person,float64,wikidataId/Q716658,wikidataId/Q716658,GBR,United Kingdom
186,wikidataId/Q724182,,,,,,,,,,,,,,,,,,,,,,,,,,11226.0,,,,,,,,,,,St Ives,108.5,{1801:2018},Count_Person_over_time,year,https://datacommons.org/tools/statvar#Count_Person,float64,wikidataId/Q724182,wikidataId/Q724182,GBR,United Kingdom
187,wikidataId/Q725261,,,,,,,,,,,,,,,,,,,,,,,,,,67528.0,,,,,,,,,,,Ashford,108.5,{1801:2018},Count_Person_over_time,year,https://datacommons.org/tools/statvar#Count_Person,float64,wikidataId/Q725261,wikidataId/Q725261,GBR,United Kingdom
188,wikidataId/Q729006,,,,,,,,,,,,,,,,,,,,,,,,,,76792.0,,,,,,,,,,,Chatham,108.5,{1801:2018},Count_Person_over_time,year,https://datacommons.org/tools/statvar#Count_Person,float64,wikidataId/Q729006,wikidataId/Q729006,GBR,United Kingdom
189,wikidataId/Q736439,,,,,,,,,,,,,,,,,,,,,,,,,,40408.0,,,,,,,,,,,Ramsgate,108.5,{1801:2018},Count_Person_over_time,year,https://datacommons.org/tools/statvar#Count_Person,float64,wikidataId/Q736439,wikidataId/Q736439,GBR,United Kingdom
190,wikidataId/Q736742,,,,,,,,,,,,,,,,,,,,,,,,,92765.0,,,,,,,,,,,,Wimbledon,108.5,{1801:2018},Count_Person_over_time,year,https://datacommons.org/tools/statvar#Count_Person,float64,wikidataId/Q736742,wikidataId/Q736742,GBR,United Kingdom
191,wikidataId/Q743521,,,,,,,,,,,,,,,,,,,,,,,,,,61749.0,,,,,,,,,,,Scarborough,108.5,{1801:2018},Count_Person_over_time,year,https://datacommons.org/tools/statvar#Count_Person,float64,wikidataId/Q743521,wikidataId/Q743521,GBR,United Kingdom
192,wikidataId/Q746718,,,,,,,,,,,,,,,,,,,,,,,,,,142968.0,,,,,,,,,,,Birkenhead,108.5,{1801:2018},Count_Person_over_time,year,https://datacommons.org/tools/statvar#Count_Person,float64,wikidataId/Q746718,wikidataId/Q746718,GBR,United Kingdom
193,wikidataId/Q752762,,,,,,,,,,,,,,,,,,,,,,,,,,63546.0,,,,,,,,,,,Merthyr Tydfil,108.5,{1801:2018},Count_Person_over_time,year,https://datacommons.org/tools/statvar#Count_Person,float64,wikidataId/Q752762,wikidataId/Q752762,GBR,United Kingdom
194,wikidataId/Q780923,,,,,,,,,,,,,,,,,,,,,,,,,,60284.0,,,,,,,,,,,Wallasey,108.5,{1801:2018},Count_Person_over_time,year,https://datacommons.org/tools/statvar#Count_Person,float64,wikidataId/Q780923,wikidataId/Q780923,GBR,United Kingdom
195,wikidataId/Q783210,,,,,,,,,,,,,,,,,,,,,,,,,,77256.0,,,,,,,,,,,Bracknell,108.5,{1801:2018},Count_Person_over_time,year,https://datacommons.org/tools/statvar#Count_Person,float64,wikidataId/Q783210,wikidataId/Q783210,GBR,United Kingdom
196,wikidataId/Q806160,,,,,,,,,,,,,,,,,,,,,,,,,,46853.0,,,,,,,,,,,Banbury,108.5,{1801:2018},Count_Person_over_time,year,https://datacommons.org/tools/statvar#Count_Person,float64,wikidataId/Q806160,wikidataId/Q806160,GBR,United Kingdom
197,wikidataId/Q810196,,,,,,,,,,,,,,,,,,,,,,,,,,107355.0,,,,,,,,,,,Basingstoke,108.5,{1801:2018},Count_Person_over_time,year,https://datacommons.org/tools/statvar#Count_Person,float64,wikidataId/Q810196,wikidataId/Q810196,GBR,United Kingdom
198,wikidataId/Q813810,,,,,,,,,,,,,,,,,,,,,,,,,,3156.0,,,,,,,,,,,Bedale,108.5,{1801:2018},Count_Person_over_time,year,https://datacommons.org/tools/statvar#Count_Person,float64,wikidataId/Q813810,wikidataId/Q813810,GBR,United Kingdom
199,wikidataId/Q823600,,,,10688.0,,,,,,,,,,,,,,,,,,,,,,,,,,,,,,,,,Chesterfield,108.5,{1801:2018},Count_Person_over_time,year,https://datacommons.org/tools/statvar#Count_Person,float64,wikidataId/Q823600,wikidataId/Q823600,GBR,United Kingdom
200,wikidataId/Q826561,,,,,,,,,,,,,,,,,,,,,,,,,,88134.0,,,,,,,,,,,Halifax,108.5,{1801:2018},Count_Person_over_time,year,https://datacommons.org/tools/statvar#Count_Person,float64,wikidataId/Q826561,wikidataId/Q826561,GBR,United Kingdom
201,wikidataId/Q84,1011157.0,1197673.0,1450122.0,1729949.0,1917013.0,2286609.0,3094391.0,3902178.0,4709960.0,5565856.0,6226494.0,7157875.0,7553526.0,8098942.0,7987936.0,8164416.0,7781342.0,7449184.0,6608513.0,6887280.0,7172036.0,,,,,,,,8416535.0,,,,,8787892.0,,8908081.0,London,8.68,{1801:2018},Count_Person_over_time,year,https://datacommons.org/tools/statvar#Count_Person,float64,wikidataId/Q84,wikidataId/Q84,GBR,United Kingdom
202,wikidataId/Q841074,,,,,,,,,,,,,,,,,,,,,,,,,,23128.0,,,,,,,,,,,Elgin,108.5,{1801:2018},Count_Person_over_time,year,https://datacommons.org/tools/statvar#Count_Person,float64,wikidataId/Q841074,wikidataId/Q841074,GBR,United Kingdom
203,wikidataId/Q841979,,,,,,,,,,,,,,,,,,,,,,,,,,77551.0,,,,,,,,,,,Mansfield,108.5,{1801:2018},Count_Person_over_time,year,https://datacommons.org/tools/statvar#Count_Person,float64,wikidataId/Q841979,wikidataId/Q841979,GBR,United Kingdom
204,wikidataId/Q845619,,,,,,,,,,,,,,,,,,,,,,,,,,60479.0,,,,,,,,,,,Taunton,108.5,{1801:2018},Count_Person_over_time,year,https://datacommons.org/tools/statvar#Count_Person,float64,wikidataId/Q845619,wikidataId/Q845619,GBR,United Kingdom
205,wikidataId/Q848909,,,,,,,,,,,,,,,,,,,,,9908.0,,,,,,,,,,,,,10175.0,,,Fort William,72.33333333333333,{1801:2018},Count_Person_over_time,year,https://datacommons.org/tools/statvar#Count_Person,float64,wikidataId/Q848909,wikidataId/Q848909,GBR,United Kingdom
206,wikidataId/Q853012,,,,,,,,,,,,,,,,,,,,,,,,,,,,,43478.0,,,,,,,,Bexhill,108.5,{1801:2018},Count_Person_over_time,year,https://datacommons.org/tools/statvar#Count_Person,float64,wikidataId/Q853012,wikidataId/Q853012,GBR,United Kingdom
207,wikidataId/Q862832,,,,,,,,,,,,,,,,,,,,,,,,,,27998.0,,,,,,,,,,,Billericay,108.5,{1801:2018},Count_Person_over_time,year,https://datacommons.org/tools/statvar#Count_Person,float64,wikidataId/Q862832,wikidataId/Q862832,GBR,United Kingdom
208,wikidataId/Q865716,,,,,,,,,,,,,,,,,,,,,,,,,,81919.0,,,,,,,,,,,Redditch,108.5,{1801:2018},Count_Person_over_time,year,https://datacommons.org/tools/statvar#Count_Person,float64,wikidataId/Q865716,wikidataId/Q865716,GBR,United Kingdom
209,wikidataId/Q866339,,,,,,,,,,,,,,,,,,,,,24392.0,,,,,,,,,,,,,,,,Bishop Auckland,108.5,{1801:2018},Count_Person_over_time,year,https://datacommons.org/tools/statvar#Count_Person,float64,wikidataId/Q866339,wikidataId/Q866339,GBR,United Kingdom
210,wikidataId/Q868637,,,,,,,,,,,,,,,,,,,,,,,,,,56581.0,,,,,,,,,,,Macclesfield,108.5,{1801:2018},Count_Person_over_time,year,https://datacommons.org/tools/statvar#Count_Person,float64,wikidataId/Q868637,wikidataId/Q868637,GBR,United Kingdom
211,wikidataId/Q868642,,,,,,,,,,,,,,,,,,,,,73944.0,,,,,75082.0,,,,,,,,,,,Newcastle-under-Lyme,72.33333333333333,{1801:2018},Count_Person_over_time,year,https://datacommons.org/tools/statvar#Count_Person,float64,wikidataId/Q868642,wikidataId/Q868642,GBR,United Kingdom
212,wikidataId/Q881062,,,,,,,,,,,,,,,,,,,,,,,,,,4875.0,,,,,,,,,,,Blaenau Ffestiniog,108.5,{1801:2018},Count_Person_over_time,year,https://datacommons.org/tools/statvar#Count_Person,float64,wikidataId/Q881062,wikidataId/Q881062,GBR,United Kingdom
213,wikidataId/Q890621,,,,,,,,,,,,,,,,,,,,,,,,,,63885.0,,,,,,,,,,,Bognor Regis,108.5,{1801:2018},Count_Person_over_time,year,https://datacommons.org/tools/statvar#Count_Person,float64,wikidataId/Q890621,wikidataId/Q890621,GBR,United Kingdom
214,wikidataId/Q904472,,,,,,,,,,,,,,,,,,,,,7901.0,,,,,8250.0,,,,,,,,,,,Brecon,72.33333333333333,{1801:2018},Count_Person_over_time,year,https://datacommons.org/tools/statvar#Count_Person,float64,wikidataId/Q904472,wikidataId/Q904472,GBR,United Kingdom
215,wikidataId/Q909146,,,,,,,,,,,,,,,,,,,,,66773.0,,,,,,,,,,,,,,,,Godalming,108.5,{1801:2018},Count_Person_over_time,year,https://datacommons.org/tools/statvar#Count_Person,float64,wikidataId/Q909146,wikidataId/Q909146,GBR,United Kingdom
216,wikidataId/Q909993,,,,,,,,,,,,,,,,,,,,,,,,,,49463.0,,,,,,,,,,,Brentwood,108.5,{1801:2018},Count_Person_over_time,year,https://datacommons.org/tools/statvar#Count_Person,float64,wikidataId/Q909993,wikidataId/Q909993,GBR,United Kingdom
217,wikidataId/Q913386,,,,,,,,,,,,,,,,,,,,,,,,,,79977.0,,,,,,,,,,,Scunthorpe,108.5,{1801:2018},Count_Person_over_time,year,https://datacommons.org/tools/statvar#Count_Person,float64,wikidataId/Q913386,wikidataId/Q913386,GBR,United Kingdom
218,wikidataId/Q914000,,,,,,,,,,,,,,,,,,,,,,,,,,12079.0,,,,,,,,,,,Bridgnorth,108.5,{1801:2018},Count_Person_over_time,year,https://datacommons.org/tools/statvar#Count_Person,float64,wikidataId/Q914000,wikidataId/Q914000,GBR,United Kingdom
219,wikidataId/Q920381,,,,,,,,,,,,,,,,,,,,,15741.0,,,,,,,,,,,,,,,,Northallerton,108.5,{1801:2018},Count_Person_over_time,year,https://datacommons.org/tools/statvar#Count_Person,float64,wikidataId/Q920381,wikidataId/Q920381,GBR,United Kingdom
220,wikidataId/Q925424,,,,,,,,,,,,,,,,,,,,,,,,,,54210.0,,,,,,,,,,,Christchurch,108.5,{1801:2018},Count_Person_over_time,year,https://datacommons.org/tools/statvar#Count_Person,float64,wikidataId/Q925424,wikidataId/Q925424,GBR,United Kingdom
221,wikidataId/Q929286,,,,,,,,,,,,,,,,,,,,,,,,,,38385.0,,,,,,,,,,,Herne Bay,108.5,{1801:2018},Count_Person_over_time,year,https://datacommons.org/tools/statvar#Count_Person,float64,wikidataId/Q929286,wikidataId/Q929286,GBR,United Kingdom
222,wikidataId/Q930204,,,,,,,,,,,,,,,,,,,,,,,,,,2165.0,,,,,,,,,,,Wells-next-the-Sea,108.5,{1801:2018},Count_Person_over_time,year,https://datacommons.org/tools/statvar#Count_Person,float64,wikidataId/Q930204,wikidataId/Q930204,GBR,United Kingdom
223,wikidataId/Q936183,,,,,,,,,,,,,,,,,,,,,,,,,,,38657.0,,,,,,,,,,Tonbridge,108.5,{1801:2018},Count_Person_over_time,year,https://datacommons.org/tools/statvar#Count_Person,float64,wikidataId/Q936183,wikidataId/Q936183,GBR,United Kingdom
224,wikidataId/Q936263,,,,,,,,,,,,,,,,,,,,,,,,,,71529.0,,,,,,,,,,,Gosport,108.5,{1801:2018},Count_Person_over_time,year,https://datacommons.org/tools/statvar#Count_Person,float64,wikidataId/Q936263,wikidataId/Q936263,GBR,United Kingdom
225,wikidataId/Q9611,,,,,,,,,,,,,,,,,,,,,,,,,,23973.0,,,,,,,,,,,Rickmansworth,108.5,{1801:2018},Count_Person_over_time,year,https://datacommons.org/tools/statvar#Count_Person,float64,wikidataId/Q9611,wikidataId/Q9611,GBR,United Kingdom
226,wikidataId/Q964785,,,,,,,,,,,,,,,,,,,,,30195.0,,,,,,,,,,,,,,,,Whitstable,108.5,{1801:2018},Count_Person_over_time,year,https://datacommons.org/tools/statvar#Count_Person,float64,wikidataId/Q964785,wikidataId/Q964785,GBR,United Kingdom
227,wikidataId/Q967166,,,,,,,,,,,,,,,,,,,,,14170.0,,,,,,,,,,,,,,,,Hythe,108.5,{1801:2018},Count_Person_over_time,year,https://datacommons.org/tools/statvar#Count_Person,float64,wikidataId/Q967166,wikidataId/Q967166,GBR,United Kingdom
228,wikidataId/Q9681,,,,,,,,,,,,,,,,,,,,,,,,,,,,,,,,,,28689.0,,,Hertford,108.5,{1801:2018},Count_Person_over_time,year,https://datacommons.org/tools/statvar#Count_Person,float64,wikidataId/Q9681,wikidataId/Q9681,GBR,United Kingdom
229,wikidataId/Q980084,,,,,,,,,,,,,,,,,,,,,,,,,,,,,,,,,,10022.0,,,Nairn,108.5,{1801:2018},Count_Person_over_time,year,https://datacommons.org/tools/statvar#Count_Person,float64,wikidataId/Q980084,wikidataId/Q980084,GBR,United Kingdom
230,wikidataId/Q984613,,,,,,,,,,,,,,,,,,,,,,,,,,56226.0,,,,,,,,,,,Kettering,108.5,{1801:2018},Count_Person_over_time,year,https://datacommons.org/tools/statvar#Count_Person,float64,wikidataId/Q984613,wikidataId/Q984613,GBR,United Kingdom
231,wikidataId/Q985279,,,,,,,,,,,,,,,,,,,,,,,,,,34768.0,,,,,,,,,,,Morecambe,108.5,{1801:2018},Count_Person_over_time,year,https://datacommons.org/tools/statvar#Count_Person,float64,wikidataId/Q985279,wikidataId/Q985279,GBR,United Kingdom
232,wikidataId/Q985833,,,,,,,,,,,,,,,,,,,,,,,,,,50548.0,,,,,,,,,,,Clacton-on-Sea,108.5,{1801:2018},Count_Person_over_time,year,https://datacommons.org/tools/statvar#Count_Person,float64,wikidataId/Q985833,wikidataId/Q985833,GBR,United Kingdom
233,wikidataId/Q989616,,,,,,,,,,,,,,,,,,,,,91900.0,,,,,,,,,,,,,,,,Hove,108.5,{1801:2018},Count_Person_over_time,year,https://datacommons.org/tools/statvar#Count_Person,float64,wikidataId/Q989616,wikidataId/Q989616,GBR,United Kingdom
234,wikidataId/Q990112,,,,,,,,,,,,,,,,,,,,,,,,,,55706.0,,,,,,,,,,,Littlehampton,108.5,{1801:2018},Count_Person_over_time,year,https://datacommons.org/tools/statvar#Count_Person,float64,wikidataId/Q990112,wikidataId/Q990112,GBR,United Kingdom
235,wikidataId/Q990168,,,,,,,,,,,,,,,,,,,,,,,,,,53331.0,,,,,,,,,,,Keighley,108.5,{1801:2018},Count_Person_over_time,year,https://datacommons.org/tools/statvar#Count_Person,float64,wikidataId/Q990168,wikidataId/Q990168,GBR,United Kingdom
236,wikidataId/Q991055,,,,,,,,,,,,,,,,,,,,,13725.0,,,,,,,,,,,,,,,,Milford Haven,108.5,{1801:2018},Count_Person_over_time,year,https://datacommons.org/tools/statvar#Count_Person,float64,wikidataId/Q991055,wikidataId/Q991055,GBR,United Kingdom
237,wikidataId/Q992665,,,,,,,,,,,,,,,,,,,,,,,,,,67768.0,,,,,,,,,,,Cannock,108.5,{1801:2018},Count_Person_over_time,year,https://datacommons.org/tools/statvar#Count_Person,float64,wikidataId/Q992665,wikidataId/Q992665,GBR,United Kingdom
238,wikidataId/Q994925,,,,,,,,,,,,,,,,,,,,,,,,,,54927.0,,,,,,,,,,,Corby,108.5,{1801:2018},Count_Person_over_time,year,https://datacommons.org/tools/statvar#Count_Person,float64,wikidataId/Q994925,wikidataId/Q994925,GBR,United Kingdom
239,wikidataId/Q996616,,,,,,,,,,,,,,,,,,,,,,,,,,52270.0,,,,,,,,,,,Cumbernauld,108.5,{1801:2018},Count_Person_over_time,year,https://datacommons.org/tools/statvar#Count_Person,float64,wikidataId/Q996616,wikidataId/Q996616,GBR,United Kingdom
